{
  "ReRoutes": [
    {
      "DownstreamPathTemplate": "/api/booking",
      "DownstreamScheme": "http",
      "DownstreamHost": "localhost",
      "DownstreamPort": 5001,
      "UpstreamPathTemplate": "/book",
      "UpstreamHttpMethod": [ "Get" ]
    },

    {
      "DownstreamPathTemplate": "/api/flightsearch/flightsearch",
      "DownstreamScheme": "http",
      "DownstreamPort": 5002,
      "DownstreamHost": "localhost",
      "UpstreamPathTemplate": "/allflight",
      "UpstreamHttpMethod": [ "Post" ]
    },

    {
      "DownstreamPathTemplate": "/api/inventory/flightregistration",
      "DownstreamScheme": "http",
      "DownstreamPort": 5003,
      "DownstreamHost": "localhost",
      "UpstreamPathTemplate": "/register",
      "UpstreamHttpMethod": [ "Post" ]
    },
    {
      "DownstreamPathTemplate": "/api/inventory/flightblock/{id}",
      "DownstreamScheme": "http",
      "DownstreamPort": 5003,
      "DownstreamHost": "localhost",
      "UpstreamPathTemplate": "/airlinelock/{id}",
      "UpstreamHttpMethod": [ "Post" ]
    }
  ],
  "GlobalConfiguration": {
    "RequestIdKey": "OcRequestId",
    "AdministrationPath": "/administration"
  }
}  